scanned_id,shelf_id,isbn_13,isbn_10,gbooks_id,gbooks_href,title,subtitle,author,all_authors,category,all_categories,loc_number,loc_href
"9780465030798","Scie-Dougla-IAmaStrang-9780465030798","9780465030798","0465030793","78S6swEACAAJ","https://www.google.com/search?tbm=bks&q=isbn:9780465030798","I Am a Strange Loop","","Douglas R. Hofstadter","Douglas R. Hofstadter","Science","Science","","https://www.loc.gov/search?q=9780465030798"
"9780465030910","Phil-Dougla-TheMind'sI-9780465030910","9780465030910","0465030912","SSBJPwAACAAJ","https://www.google.com/search?tbm=bks&q=isbn:9780465030910","The Mind's I","Fantasies and Reflections on Self and Soul","Douglas R. Hofstadter","Douglas R. Hofstadter;Daniel Clement Dennett","Philosophy","Philosophy","","https://www.loc.gov/search?q=9780465030910"
"9780805080124","Lang-GuyDeu-TheUnfoldi-9780805080124","9780805080124","0805080120","0G1WAhzSX4QC","https://www.google.com/search?tbm=bks&q=isbn:9780805080124","The Unfolding of Language","An Evolutionary Tour of Mankind's Greatest Invention","Guy Deutscher","Guy Deutscher","Language Arts & Disciplines","Language Arts & Disciplines","","https://www.loc.gov/search?q=9780805080124"
"9780465018475","Phil-Dougla-Surfacesan-9780465018475","9780465018475","0465018475","92e30rzcoCkC","https://www.google.com/search?tbm=bks&q=isbn:9780465018475","Surfaces and Essences","Analogy as the Fuel and Fire of Thinking","Douglas Hofstadter","Douglas Hofstadter;Emmanuel Sander","Philosophy","Philosophy","BD190 .H64 2013","https://www.loc.gov/search?q=9780465018475"
"9780393242072","Phil-Daniel-FromBacter-9780393242072","9780393242072","0393242072","L78PDQEACAAJ","https://www.google.com/search?tbm=bks&q=isbn:9780393242072","From Bacteria to Bach and Back","The Evolution of Minds","Daniel Clement Dennett","Daniel Clement Dennett;Daniel C. Dennett","Philosophy","Philosophy","B105.C477 D445 2017","https://www.loc.gov/search?q=9780393242072"
"9780062846716","Youn-AngieT-UntiTeenNo-9780062846716","9780062846716","006284671X","NA9fzQEACAAJ","https://www.google.com/search?tbm=bks&q=isbn:9780062846716","Unti Teen Novel - DB","","Angie Thomas","Angie Thomas;TBD","Young Adult Fiction","Young Adult Fiction","http://lccn.loc.gov/2020946928","https://www.loc.gov/search?q=9780062846716"
"9781982138127","Biog-Chaste-IHaveSomet-9781982138127","9781982138127","1982138122","Fmv6DwAAQBAJ","https://www.google.com/search?tbm=bks&q=isbn:9781982138127","I Have Something to Tell You","A Memoir","Chasten Buttigieg","Chasten Buttigieg","Biography & Autobiography","Biography & Autobiography","","https://www.loc.gov/search?q=9781982138127"
"9780399590504","BIOG-TaraWe-Educated-9780399590504","9780399590504","0399590501","0RGjtAEACAAJ","https://www.google.com/search?tbm=bks&q=isbn:9780399590504","Educated","A Memoir","Tara Westover","Tara Westover","BIOGRAPHY & AUTOBIOGRAPHY","BIOGRAPHY & AUTOBIOGRAPHY","CT3262.I2 W47 2018","https://www.loc.gov/search?q=9780399590504"
"9780140445770","Phil-SorenK-Either/Or-9780140445770","9780140445770","0140445773","qUA-_xdRPgAC","https://www.google.com/search?tbm=bks&q=isbn:9780140445770","Either/Or","A Fragment of Life","Soren Kierkegaard","Soren Kierkegaard","Philosophy","Philosophy","","https://www.loc.gov/search?q=9780140445770"
"9780140444490","Phil-SorenK-FearandTre-9780140444490","9780140444490","0140444491","7C48aviJFxgC","https://www.google.com/search?tbm=bks&q=isbn:9780140444490","Fear and Trembling","Dialectical Lyric by Johannes De Silentio","Soren Kierkegaard","Soren Kierkegaard","Philosophy","Philosophy","","https://www.loc.gov/search?q=9780140444490"
"9780199537822","Lite-SaintA-TheConfess-9780199537822","9780199537822","0199537828","1QkigkuD_3oC","https://www.google.com/search?tbm=bks&q=isbn:9780199537822","The Confessions","","Saint Augustine","Saint Augustine;Henry Chadwick","Literary Collections","Literary Collections","BR65.A6 E5 2008","https://www.loc.gov/search?q=9780199537822"
"9780199540280","---9780199540280","","","","https://www.google.com/search?tbm=bks&q=isbn:9780199540280","","","","","","","Q151 .A72 2008","https://www.loc.gov/search?q=9780199540280"
"9780140449495","Phil-Aristo-TheNicomac-9780140449495","9780140449495","0140449493","iBoqmEvavawC","https://www.google.com/search?tbm=bks&q=isbn:9780140449495","The Nicomachean Ethics","","Aristotle","Aristotle","Philosophy","Philosophy","","https://www.loc.gov/search?q=9780140449495"
"9780140444711","Phil-Aristo-DeAnima(On-9780140444711","9780140444711","0140444718","KsoFvv8vdM8C","https://www.google.com/search?tbm=bks&q=isbn:9780140444711","De Anima (On the Soul)","","Aristotle","Aristotle","Philosophy","Philosophy","","https://www.loc.gov/search?q=9780140444711"
"9780140444216","Phil-Aristo-ThePolitic-9780140444216","9780140444216","0140444211","JI9wFtaZUlwC","https://www.google.com/search?tbm=bks&q=isbn:9780140444216","The Politics","","Aristotle","Aristotle;Trevor J. Saunders","Philosophy","Philosophy","","https://www.loc.gov/search?q=9780140444216"
"9780140441185","Phil-Friedr-ThusSpokeZ-9780140441185","9780140441185","0140441182","K0cCzQEACAAJ","https://www.google.com/search?tbm=bks&q=isbn:9780140441185","Thus Spoke Zarathustra","","Friedrich Nietzsche","Friedrich Nietzsche","Philosophy","Philosophy","","https://www.loc.gov/search?q=9780140441185"
"9780140445152","Biog-Friedr-EcceHomo-9780140445152","9780140445152","0140445153","gl_7Yzgr10cC","https://www.google.com/search?tbm=bks&q=isbn:9780140445152","Ecce Homo","How One Becomes What One is","Friedrich Nietzsche","Friedrich Nietzsche","Biography & Autobiography","Biography & Autobiography","","https://www.loc.gov/search?q=9780140445152"
"9780140449235","Phil-Friedr-BeyondGood-9780140449235","9780140449235","014044923X","pQqWigp1pv0C","https://www.google.com/search?tbm=bks&q=isbn:9780140449235","Beyond Good and Evil","","Friedrich Nietzsche","Friedrich Nietzsche","Philosophy","Philosophy","","https://www.loc.gov/search?q=9780140449235"
"9780140445145","Phil-Friedr-Twilightof-9780140445145","9780140445145","0140445145","-ur_M2YcDYIC","https://www.google.com/search?tbm=bks&q=isbn:9780140445145","Twilight of Idols and Anti-Christ","","Friedrich Nietzsche","Friedrich Nietzsche","Philosophy","Philosophy","","https://www.loc.gov/search?q=9780140445145"
"9780141195377","Phil-Friedr-OntheGenea-9780141195377","9780141195377","0141195371","OPWlnAEACAAJ","https://www.google.com/search?tbm=bks&q=isbn:9780141195377","On the Genealogy of Morals","","Friedrich Wilhelm Nietzsche","Friedrich Wilhelm Nietzsche","Philosophy","Philosophy","","https://www.loc.gov/search?q=9780141195377"
"9780143036272","Phil-Marcus-Meditation-9780143036272","9780143036272","0143036270","lwypPwAACAAJ","https://www.google.com/search?tbm=bks&q=isbn:9780143036272","Meditations","","Marcus Aurelius (Emperor of Rome)","Marcus Aurelius (Emperor of Rome)","Philosophy","Philosophy","","https://www.loc.gov/search?q=9780143036272"
"9780140436327","Lite-SaintT-SelectedWr-9780140436327","9780140436327","0140436324","0rAbqAjBba8C","https://www.google.com/search?tbm=bks&q=isbn:9780140436327","Selected Writings","","Saint Thomas (Aquinas)","Saint Thomas (Aquinas);Ralph McInerny;Ralph M. McInerny","Literary Collections","Literary Collections","","https://www.loc.gov/search?q=9780140436327"
"9780143036326","Phil-Lucius-OntheShort-9780143036326","9780143036326","0143036327","55JRAAAACAAJ","https://www.google.com/search?tbm=bks&q=isbn:9780143036326","On the Shortness of Life","","Lucius Annaeus Seneca","Lucius Annaeus Seneca;Charles Desmond Nuttall Costa","Philosophy","Philosophy","B616.D532 E5 2005","https://www.loc.gov/search?q=9780143036326"
"9780140446197","Phil-Aristo-TheMetaphy-9780140446197","9780140446197","0140446192","a9Tm_7JlNzcC","https://www.google.com/search?tbm=bks&q=isbn:9780140446197","The Metaphysics","","Aristotle","Aristotle;Hugh Lawson-Tancred","Philosophy","Philosophy","","https://www.loc.gov/search?q=9780140446197"
"9780872203495","Fict-Plato-CompleteWo-9780872203495","9780872203495","0872203492","eSKTvJDrr5kC","https://www.google.com/search?tbm=bks&q=isbn:9780872203495","Complete Works","","Plato","Plato","Fiction","Fiction","","https://www.loc.gov/search?q=9780872203495"
"9780140446456","Lite-Blaise-Pensees-9780140446456","9780140446456","0140446451","mGxsoCQjreoC","https://www.google.com/search?tbm=bks&q=isbn:9780140446456","Pensees","","Blaise Pascal","Blaise Pascal","Literary Collections","Literary Collections","","https://www.loc.gov/search?q=9780140446456"
"9780140432930","Phil-George-Principles-9780140432930","9780140432930","0140432930","WXCvzAqR3EgC","https://www.google.com/search?tbm=bks&q=isbn:9780140432930","Principles of Human Knowledge","","George Berkeley","George Berkeley","Philosophy","Philosophy","","https://www.loc.gov/search?q=9780140432930"
"9780142437605","Biog-Benjam-TheAutobio-9780142437605","9780142437605","0142437603","VzmIi8juxwoC","https://www.google.com/search?tbm=bks&q=isbn:9780142437605","The Autobiography and Other Writings","","Benjamin Franklin","Benjamin Franklin","Biography & Autobiography","Biography & Autobiography","","https://www.loc.gov/search?q=9780142437605"
"9780141195353","-Friedr-TheWilltoP-9780141195353","9780141195353","0141195355","7_gOrgEACAAJ","https://www.google.com/search?tbm=bks&q=isbn:9780141195353","The Will to Power","","Friedrich Nietzsche","Friedrich Nietzsche","","","B3313.W532 E5 2017","https://www.loc.gov/search?q=9780141195353"
"9780140442106","Lite-Lucius-Lettersfro-9780140442106","9780140442106","0140442103","CwOAyAEACAAJ","https://www.google.com/search?tbm=bks&q=isbn:9780140442106","Letters from a Stoic","Epistulae Morales Ad Lucilium","Lucius Annaeus Seneca","Lucius Annaeus Seneca;Seneca","Literary Collections","Literary Collections","","https://www.loc.gov/search?q=9780140442106"
"9780451524935","Lond-George-1984-9780451524935","9780451524935","0451524934","2r53xwEACAAJ","https://www.google.com/search?tbm=bks&q=isbn:9780451524935","1984","A Novel","George Orwell","George Orwell","London (England)","London (England)","","https://www.loc.gov/search?q=9780451524935"
"9780143036357","Lang-George-WhyIWrite-9780143036357","9780143036357","0143036351","6I_qPwAACAAJ","https://www.google.com/search?tbm=bks&q=isbn:9780143036357","Why I Write","","George Orwell","George Orwell","Language Arts & Disciplines","Language Arts & Disciplines","PR6029.R8 A6 2005","https://www.loc.gov/search?q=9780143036357"
"9780061551826","Reli-N.T.Wr-Surprisedb-9780061551826","9780061551826","0061551821","M5df9T6QJjMC","https://www.google.com/search?tbm=bks&q=isbn:9780061551826","Surprised by Hope","Rethinking Heaven, the Resurrection, and the Mission of the Church","N. T. Wright","N. T. Wright","Religion","Religion","BT903 .W75 2008","https://www.loc.gov/search?q=9780061551826"
"9781906388300","Craf-BobbyF-My60Memora-9781906388300","9781906388300","190638830X","5vQ-MHUYhmcC","https://www.google.com/search?tbm=bks&q=isbn:9781906388300","My 60 Memorable Games","Chess Tactics, Chess Strategies with Bobby Fischer","Bobby Fischer","Bobby Fischer","Crafts & Hobbies","Crafts & Hobbies","","https://www.loc.gov/search?q=9781906388300"
"9780553053401","Cosm-Stephe-ABriefHist-9780553053401","","","je8guQEACAAJ","https://www.google.com/search?tbm=bks&q=isbn:9780553053401","A Brief History of Time","From the Big Bang to Black Holes","Stephen Hawking","Stephen Hawking;Stephen William Hawking;Carl Sagan","Cosmology","Cosmology","","https://www.loc.gov/search?q=9780553053401"
"9780738514703","Hist-Helene-ClemsonUni-9780738514703","9780738514703","0738514705","_0T_fqMnTksC","https://www.google.com/search?tbm=bks&q=isbn:9780738514703","Clemson University","","Helene M. Riley","Helene M. Riley","History","History","","https://www.loc.gov/search?q=9780738514703"
"9781634310369","-JamesA-EverybodyI-9781634310369","9781634310369","1634310365","rLozrgEACAAJ","https://www.google.com/search?tbm=bks&q=isbn:9781634310369","Everybody Is Wrong about God","","James A. Lindsay","James A. Lindsay","","","BL473 .L56 2015","https://www.loc.gov/search?q=9781634310369"
"9780812988406","Biog-PaulKa-WhenBreath-9780812988406","9780812988406","081298840X","93faCwAAQBAJ","https://www.google.com/search?tbm=bks&q=isbn:9780812988406","When Breath Becomes Air","","Paul Kalanithi","Paul Kalanithi","Biography & Autobiography","Biography & Autobiography","RC280.L8 K35 2016","https://www.loc.gov/search?q=9780812988406"
"9781585102334","---9781585102334","","","","https://www.google.com/search?tbm=bks&q=isbn:9781585102334","","","","","","","","https://www.loc.gov/search?q=9781585102334"
"X001FJEUJD","---X001FJEUJD","","","","https://www.google.com/search?tbm=bks&q=isbn:X001FJEUJD","","","","","","","","https://www.loc.gov/search?q=X001FJEUJD"
"9780060653200","Reli-C.S.Le-WeightofGl-9780060653200","9780060653200","0060653205","WNTT_8NW_qwC","https://www.google.com/search?tbm=bks&q=isbn:9780060653200","Weight of Glory","","C. S. Lewis","C. S. Lewis","Religion","Religion","","https://www.loc.gov/search?q=9780060653200"
"9780156027533","Biog-Antoin-WartimeWri-9780156027533","9780156027533","0156027534","EGUCAAAACAAJ","https://www.google.com/search?tbm=bks&q=isbn:9780156027533","Wartime Writings, 1939-1944","","Antoine de Saint-Exupéry","Antoine de Saint-Exupéry","Biography & Autobiography","Biography & Autobiography","","https://www.loc.gov/search?q=9780156027533"
"9780312373511","---9780312373511","","","","https://www.google.com/search?tbm=bks&q=isbn:9780312373511","","","","","","","","https://www.loc.gov/search?q=9780312373511"
"9780060589462","Psyc-Robert-ZenandtheA-9780060589462","9780060589462","0060589469","KMRReyLPyXMC","https://www.google.com/search?tbm=bks&q=isbn:9780060589462","Zen and the Art of Motorcycle Maintenance","An Inquiry Into Values","Robert M. Pirsig","Robert M. Pirsig","Psychology","Psychology","","https://www.loc.gov/search?q=9780060589462"
"9780199577491","Phil-PeterA-Philosophy-9780199577491","9780199577491","0199577498","KEpRDAAAQBAJ","https://www.google.com/search?tbm=bks&q=isbn:9780199577491","Philosophy in the Islamic World","A History of Philosophy Without Any Gaps","Peter Adamson","Peter Adamson","Philosophy","Philosophy","B741 .A2845 2018","https://www.loc.gov/search?q=9780199577491"
"9780198728023","Hist-PeterA-Philosophy-9780198728023","9780198728023","0198728026","J5_oCQAAQBAJ","https://www.google.com/search?tbm=bks&q=isbn:9780198728023","Philosophy in the Hellenistic and Roman Worlds","A History of Philosophy Without Any Gaps","Peter Adamson","Peter Adamson","History","History","B505 .A43 2015","https://www.loc.gov/search?q=9780198728023"
"9780199674534","Hist-PeterA-ClassicalP-9780199674534","9780199674534","0199674531","-4c3AwAAQBAJ","https://www.google.com/search?tbm=bks&q=isbn:9780199674534","Classical Philosophy","A History of Philosophy Without Any Gaps","Peter Adamson","Peter Adamson","History","History","B171 .A199 2014","https://www.loc.gov/search?q=9780199674534"
"9780062565419","Fict-C.S.Le-TillWeHave-9780062565419","9780062565419","0062565419","t0mjDAEACAAJ","https://www.google.com/search?tbm=bks&q=isbn:9780062565419","Till We Have Faces","A Myth Retold","C. S. Lewis","C. S. Lewis","Fiction","Fiction","PR6023.E926 T54 2017","https://www.loc.gov/search?q=9780062565419"
"9781891767142","Pets-Patric-LoveHasNoA-9781891767142","9781891767142","1891767143","ZBeZZwEACAAJ","https://www.google.com/search?tbm=bks&q=isbn:9781891767142","Love Has No Age Limit","Welcoming an Adopted Dog Into Your Home","Patricia B. McConnell","Patricia B. McConnell;Karen B. London","Pets","Pets","","https://www.loc.gov/search?q=9781891767142"
"9780062874788","Busi-JasonF-ItDoesn'tH-9780062874788","9780062874788","0062874780","JUGWswEACAAJ","https://www.google.com/search?tbm=bks&q=isbn:9780062874788","It Doesn't Have to Be Crazy at Work","","Jason Fried","Jason Fried;David Heinemeier Hansson","Business & Economics","Business & Economics","HD58.7 .F78 2018","https://www.loc.gov/search?q=9780062874788"
"9780465020690","---9780465020690","","","","https://www.google.com/search?tbm=bks&q=isbn:9780465020690","","","","","","","","https://www.loc.gov/search?q=9780465020690"
"9780486298238","Phil-Marcus-Meditation-9780486298238","9780486298238","048629823X","gCgmeKnUr8EC","https://www.google.com/search?tbm=bks&q=isbn:9780486298238","Meditations","","Marcus Aurelius","Marcus Aurelius;George Long","Philosophy","Philosophy","","https://www.loc.gov/search?q=9780486298238"
"9780671212094","Lang-Mortim-HowtoReada-9780671212094","9780671212094","0671212095","Xg-CBAAAQBAJ","https://www.google.com/search?tbm=bks&q=isbn:9780671212094","How to Read a Book","","Mortimer J. Adler","Mortimer J. Adler;Charles Van Doren","Language Arts & Disciplines","Language Arts & Disciplines","","https://www.loc.gov/search?q=9780671212094"
"2900393918884","---2900393918884","","","","https://www.google.com/search?tbm=bks&q=isbn:2900393918884","","","","","","","","https://www.loc.gov/search?q=2900393918884"
"9780393918861","-Robert-Shorter-9780393918861","9780393918861","0393918866","L74zzgEACAAJ","https://www.google.com/search?tbm=bks&q=isbn:9780393918861","Shorter","","Robert S. Levine","Robert S. Levine;Wayne Franklin;Philip F. Gura;Jerome Klinkowitz","","","PS507 .N65 2013b","https://www.loc.gov/search?q=9780393918861"
"9781770463691","Comi-LyndaB-MakingComi-9781770463691","9781770463691","1770463690","2cwYwAEACAAJ","https://www.google.com/search?tbm=bks&q=isbn:9781770463691","Making Comics","","Lynda Barry","Lynda Barry","Comics & Graphic Novels","Comics & Graphic Novels","","https://www.loc.gov/search?q=9781770463691"
"9781718500440","Comp-SteveK-TheRustPro-9781718500440","9781718500440","1718500440","0Vv6DwAAQBAJ","https://www.google.com/search?tbm=bks&q=isbn:9781718500440","The Rust Programming Language (Covers Rust 2018)","","Steve Klabnik","Steve Klabnik;Carol Nichols","Computers","Computers","","https://www.loc.gov/search?q=9781718500440"
"9781594518317","Poli-C.Brad-Neoconserv-9781594518317","","","3UBaAAAAYAAJ","https://www.google.com/search?tbm=bks&q=isbn:9781594518317","Neoconservatism","An Obituary for an Idea","C. Bradley Thompson","C. Bradley Thompson;Yaron Brook","Political Science","Political Science","JC573.2.U6 T46 2010","https://www.loc.gov/search?q=9781594518317"
"9780307463746","Busi-JasonF-Rework-9780307463746","9780307463746","0307463745","RC6LLYweIEMC","https://www.google.com/search?tbm=bks&q=isbn:9780307463746","Rework","","Jason Fried","Jason Fried;David Heinemeier Hansson","Business & Economics","Business & Economics","HD31 .F755 2010","https://www.loc.gov/search?q=9780307463746"
"9781891767135","Pets-Patric-ThePuppyPr-9781891767135","9781891767135","1891767135","LvgKRwAACAAJ","https://www.google.com/search?tbm=bks&q=isbn:9781891767135","The Puppy Primer","","Patricia B. McConnell","Patricia B. McConnell;Brenda Scidmore","Pets","Pets","","https://www.loc.gov/search?q=9781891767135"
"9780061208492","Reli-C.S.Le-TheComplet-9780061208492","9780061208492","0061208493","JaC0_Yvffr0C","https://www.google.com/search?tbm=bks&q=isbn:9780061208492","The Complete C. S. Lewis Signature Classics","","C. S. Lewis","C. S. Lewis","Religion","Religion","","https://www.loc.gov/search?q=9780061208492"
"9780060684129","Reli-A.W.To-TheKnowled-9780060684129","9780060684129","0060684127","7qMko7zfcqIC","https://www.google.com/search?tbm=bks&q=isbn:9780060684129","The Knowledge of the Holy","","A. W. Tozer","A. W. Tozer","Religion","Religion","","https://www.loc.gov/search?q=9780060684129"
"9780062230508","Reli-N.T.Wr-TheCasefor-9780062230508","9780062230508","0062230506","qsCAlwEACAAJ","https://www.google.com/search?tbm=bks&q=isbn:9780062230508","The Case for the Psalms","Why They Are Essential","N. T. Wright","N. T. Wright","Religion","Religion","BS1430.52 .W75 2013","https://www.loc.gov/search?q=9780062230508"
"9780830768783","Reli-A.W.To-ThePursuit-9780830768783","9780830768783","0830768785","w_9dAwAAQBAJ","https://www.google.com/search?tbm=bks&q=isbn:9780830768783","The Pursuit of God (The Definitive Classic)","","A. W. Tozer","A. W. Tozer","Religion","Religion","BV4817 .T6 2013","https://www.loc.gov/search?q=9780830768783"
"9780061142666","Reli-Stephe-TaoTeChing-9780061142666","9780061142666","0061142662","S2drtAEACAAJ","https://www.google.com/search?tbm=bks&q=isbn:9780061142666","Tao Te Ching","A New English Version","Stephen Mitchell","Stephen Mitchell","Religion","Religion","","https://www.loc.gov/search?q=9780061142666"
"9781461019541","Reli-GerryB-HopeBeyond-9781461019541","9781461019541","1461019540","0XjzuAAACAAJ","https://www.google.com/search?tbm=bks&q=isbn:9781461019541","Hope Beyond Hell","The Righteous Purpose of God's Judgment","Gerry Beauchemin","Gerry Beauchemin;D. Scott Reichard","Religion","Religion","","https://www.loc.gov/search?q=9781461019541"
"9781491282625","---9781491282625","","","","https://www.google.com/search?tbm=bks&q=isbn:9781491282625","","","","","","","","https://www.loc.gov/search?q=9781491282625"
"9780985967604","--So,What'sY-9780985967604","9780985967604","0985967609","ow_fMgEACAAJ","https://www.google.com/search?tbm=bks&q=isbn:9780985967604","So, What's Your Point?","Finding Your Way in a Chart Your Own Adventure Culture","","","","","","https://www.loc.gov/search?q=9780985967604"
"9780762458684","Humo-LizCli-LobsterIst-9780762458684","9780762458684","0762458682","Vp_SDQAAQBAJ","https://www.google.com/search?tbm=bks&q=isbn:9780762458684","Lobster Is the Best Medicine","A Collection of Comics About Friendship","Liz Climo","Liz Climo","Humor","Humor","PN6727.C5638 L63 2015","https://www.loc.gov/search?q=9780762458684"
"9780807014295","Biog-Viktor-Man'sSearc-9780807014295","9780807014295","080701429X","kDOlPwAACAAJ","https://www.google.com/search?tbm=bks&q=isbn:9780807014295","Man's Search for Meaning","","Viktor E. Frankl","Viktor E. Frankl;Ilse Lasch;Harold S. Kushner","Biography & Autobiography","Biography & Autobiography","","https://www.loc.gov/search?q=9780807014295"
"9780393328202","Lite-RayMon-HowtoReadW-9780393328202","9780393328202","0393328201","BkXgGwAACAAJ","https://www.google.com/search?tbm=bks&q=isbn:9780393328202","How to Read Wittgenstein","","Ray Monk","Ray Monk","Literary Criticism","Literary Criticism","","https://www.loc.gov/search?q=9780393328202"
"9781939311092","Arti-Stuart-SmarterTha-9781939311092","9781939311092","1939311098","xFPKoAEACAAJ","https://www.google.com/search?tbm=bks&q=isbn:9781939311092","Smarter Than Us (Print)","The Rise of Machine Intelligence","Stuart Armstrong","Stuart Armstrong","Artificial intelligence","Artificial intelligence","","https://www.loc.gov/search?q=9781939311092"
"X001XTE75H","---X001XTE75H","","","","https://www.google.com/search?tbm=bks&q=isbn:X001XTE75H","","","","","","","1|webcasts-7475","https://www.loc.gov/search?q=X001XTE75H"
"9780691164724","Biog-Andrew-AlanTuring-9780691164724","9780691164724","069116472X","4muYDwAAQBAJ","https://www.google.com/search?tbm=bks&q=isbn:9780691164724","Alan Turing: The Enigma","The Book That Inspired the Film The Imitation Game - Updated Edition","Andrew Hodges","Andrew Hodges","Biography & Autobiography","Biography & Autobiography","QA29.T8 H63 2014","https://www.loc.gov/search?q=9780691164724"
"9781593081386","Fict-Charle-ATaleofTwo-9781593081386","9781593081386","1593081383","Wl3DwAEACAAJ","https://www.google.com/search?tbm=bks&q=isbn:9781593081386","A Tale of Two Cities","","Charles Dickens","Charles Dickens","Fiction","Fiction","","https://www.loc.gov/search?q=9781593081386"
"9780316001922","---9780316001922","","","","https://www.google.com/search?tbm=bks&q=isbn:9780316001922","","","","","","","DT92.7 .S35 2010","https://www.loc.gov/search?q=9780316001922"
"9780393254693","Comp-Donald-TheCaseAga-9780393254693","9780393254693","0393254690","EcT0uwEACAAJ","https://www.google.com/search?tbm=bks&q=isbn:9780393254693","The Case Against Reality","Why Evolution Hid the Truth from Our Eyes","Donald David Hoffman","Donald David Hoffman","Computers","Computers","BD331 .H567 2019","https://www.loc.gov/search?q=9780393254693"
"9780609810347","Reli-Stephe-BhagavadGi-9780609810347","9780609810347","0609810340","LEwgCRzzgYEC","https://www.google.com/search?tbm=bks&q=isbn:9780609810347","Bhagavad Gita","A New Translation","Stephen Mitchell","Stephen Mitchell","Religion","Religion","","https://www.loc.gov/search?q=9780609810347"
"9780060653194","Reli-C.S.Le-GeorgeMacD-9780060653194","9780060653194","0060653191","HEniWPz09pgC","https://www.google.com/search?tbm=bks&q=isbn:9780060653194","George MacDonald","","C. S. Lewis","C. S. Lewis","Religion","Religion","","https://www.loc.gov/search?q=9780060653194"
"9781590525029","---9781590525029","","","","https://www.google.com/search?tbm=bks&q=isbn:9781590525029","","","","","","","","https://www.loc.gov/search?q=9781590525029"
"9780684815008","Phil-Dietri-TheCostofD-9780684815008","9780684815008","0684815001","ANfH1fmvBKIC","https://www.google.com/search?tbm=bks&q=isbn:9780684815008","The Cost of Discipleship","","Dietrich Bonhoeffer","Dietrich Bonhoeffer","Philosophy","Philosophy","","https://www.loc.gov/search?q=9780684815008"
"9781610397193","---9781610397193","","","","https://www.google.com/search?tbm=bks&q=isbn:9781610397193","","","","","","","","https://www.loc.gov/search?q=9781610397193"
"9780140433395","Lite-Friedr-TheBirthof-9780140433395","9780140433395","0140433392","REValV-USqcC","https://www.google.com/search?tbm=bks&q=isbn:9780140433395","The Birth of Tragedy","Out of the Spirit of Music","Friedrich Nietzsche","Friedrich Nietzsche","Literary Criticism","Literary Criticism","","https://www.loc.gov/search?q=9780140433395"
"9780060937287","Phil-Martin-Poetry,Lan-9780060937287","9780060937287","0060937289","GUn3aVw-4MsC","https://www.google.com/search?tbm=bks&q=isbn:9780060937287","Poetry, Language, Thought","","Martin Heidegger","Martin Heidegger","Philosophy","Philosophy","","https://www.loc.gov/search?q=9780060937287"
"9780812979794","---9780812979794","","","","https://www.google.com/search?tbm=bks&q=isbn:9780812979794","","","","","","","DA590 .S55 2012c","https://www.loc.gov/search?q=9780812979794"
"9781449529253","---9781449529253","","","","https://www.google.com/search?tbm=bks&q=isbn:9781449529253","","","","","","","","https://www.loc.gov/search?q=9781449529253"
"9781491946008","Comp-Lucian-FluentPyth-9781491946008","9781491946008","1491946008","kgrXoAEACAAJ","https://www.google.com/search?tbm=bks&q=isbn:9781491946008","Fluent Python","","Luciano Ramalho","Luciano Ramalho","Computers","Computers","QA76.73.P98 R36 2015","https://www.loc.gov/search?q=9781491946008"
"9780134769042","Comp-KentBe-SmalltalkB-9780134769042","9780134769042","013476904X","PQx2QgAACAAJ","https://www.google.com/search?tbm=bks&q=isbn:9780134769042","Smalltalk Best Practice Patterns","","Kent Beck","Kent Beck","Computers","Computers","","https://www.loc.gov/search?q=9780134769042"
"9788590379836","Comp-Robert-Lua5.1Refe-9788590379836","9788590379836","8590379833","J-_DAAAACAAJ","https://www.google.com/search?tbm=bks&q=isbn:9788590379836","Lua 5.1 Reference Manual","","Roberto Ierusalimschy","Roberto Ierusalimschy;Luiz Henrique de Figueiredo;Waldemar Celes","Computers","Computers","","https://www.loc.gov/search?q=9788590379836"
"9780143113874","Phil-Thomas-PlatoandaP-9780143113874","9780143113874","0143113879","YcsZCKg0Oo4C","https://www.google.com/search?tbm=bks&q=isbn:9780143113874","Plato and a Platypus Walk Into a Bar . . .","Understanding Philosophy Through Jokes","Thomas Cathcart","Thomas Cathcart;Daniel Klein","Philosophy","Philosophy","BD31 .C38 2008","https://www.loc.gov/search?q=9780143113874"
"9780062569028","Comi-JomnyS-Everyone's-9780062569028","9780062569028","0062569023","W_dgvgAACAAJ","https://www.google.com/search?tbm=bks&q=isbn:9780062569028","Everyone's a Aliebn When Ur a Aliebn Too","A Book","Jomny Sun","Jomny Sun","Comics & Graphic Novels","Comics & Graphic Novels","PN6727.S865 E94 2017","https://www.loc.gov/search?q=9780062569028"
"9780399563331","---9780399563331","","","","https://www.google.com/search?tbm=bks&q=isbn:9780399563331","","","","","","","PT8951.21.N38 Z46 2018","https://www.loc.gov/search?q=9780399563331"
"9780399563362","Biog-KarlOv-Spring-9780399563362","9780399563362","0399563369","OSvvtAEACAAJ","https://www.google.com/search?tbm=bks&q=isbn:9780399563362","Spring","","Karl Ove Knausgaard","Karl Ove Knausgaard","Biography & Autobiography","Biography & Autobiography","PT8951.21.N38 O5513 2018","https://www.loc.gov/search?q=9780399563362"
"9780399563393","Biog-KarlOv-Summer-9780399563393","9780399563393","0399563393","0iYctAEACAAJ","https://www.google.com/search?tbm=bks&q=isbn:9780399563393","Summer","","Karl Ove Knausgaard","Karl Ove Knausgaard","Biography & Autobiography","Biography & Autobiography","PT8951.21.N38 O5513 2018","https://www.loc.gov/search?q=9780399563393"
"9780064471190","Juve-C.S.Le-TheChronic-9780064471190","9780064471190","0064471195","g6adzQEACAAJ","https://www.google.com/search?tbm=bks&q=isbn:9780064471190","The Chronicles of Narnia Rack Box Set (Books 1 to 7)","","C. S. Lewis","C. S. Lewis","Juvenile Fiction","Juvenile Fiction","","https://www.loc.gov/search?q=9780064471190"
"9780345529053","---9780345529053","","","","https://www.google.com/search?tbm=bks&q=isbn:9780345529053","","","","","","","","https://www.loc.gov/search?q=9780345529053"
"9780393926798","Fict-JamesJ-APortraito-9780393926798","9780393926798","0393926796","FINuQgAACAAJ","https://www.google.com/search?tbm=bks&q=isbn:9780393926798","A Portrait of the Artist as a Young Man","Authoritative Text, Backgrounds and Contexts, Criticism","James Joyce","James Joyce","Fiction","Fiction","PR6019.O9 P63 2007","https://www.loc.gov/search?q=9780393926798"
"9780452273337","Fict-AynRan-TheFountai-9780452273337","9780452273337","0452273331","cVImuwEACAAJ","https://www.google.com/search?tbm=bks&q=isbn:9780452273337","The Fountainhead","","Ayn Rand","Ayn Rand","Fiction","Fiction","","https://www.loc.gov/search?q=9780452273337"
"9780670021659","---9780670021659","","","","https://www.google.com/search?tbm=bks&q=isbn:9780670021659","","","","","","","HQ834 .G48 2010","https://www.loc.gov/search?q=9780670021659"
"9780393925302","Fict-AntonC-AntonChekh-9780393925302","9780393925302","0393925307","xvDQAgAAQBAJ","https://www.google.com/search?tbm=bks&q=isbn:9780393925302","Anton Chekhov's Selected Stories (Norton Critical Editions)","","Anton Chekhov","Anton Chekhov","Fiction","Fiction","PG3456.A13 P66 2014","https://www.loc.gov/search?q=9780393925302"
"9780393956238","Fict-Fyodor-CrimeandPu-9780393956238","9780393956238","0393956237","u9VlQgAACAAJ","https://www.google.com/search?tbm=bks&q=isbn:9780393956238","Crime and Punishment","The Coulson Translation, Backgrounds and Sources, Essays in Criticism","Fyodor Dostoyevsky","Fyodor Dostoyevsky;Fedor M. Dostoevskij","Fiction","Fiction","","https://www.loc.gov/search?q=9780393956238"
"9780140436990","Poet-Thomas-SelectedPo-9780140436990","9780140436990","0140436995","x4yA3r29CnYC","https://www.google.com/search?tbm=bks&q=isbn:9780140436990","Selected Poems","","Thomas Hardy","Thomas Hardy","Poetry","Poetry","","https://www.loc.gov/search?q=9780140436990"
"9780394759845","Biog-Richar-OscarWilde-9780394759845","9780394759845","0394759842","j0-MDQAAQBAJ","https://www.google.com/search?tbm=bks&q=isbn:9780394759845","Oscar Wilde","","Richard Ellmann","Richard Ellmann","Biography & Autobiography","Biography & Autobiography","","https://www.loc.gov/search?q=9780394759845"
"9780385474542","Fict-Chinua-ThingsFall-9780385474542","","","yz0GAQAAIAAJ","https://www.google.com/search?tbm=bks&q=isbn:9780385474542","Things Fall Apart","","Chinua Achebe","Chinua Achebe","Fiction","Fiction","","https://www.loc.gov/search?q=9780385474542"
"9781593082239","---9781593082239","","","","https://www.google.com/search?tbm=bks&q=isbn:9781593082239","","","","","","","","https://www.loc.gov/search?q=9781593082239"
"9781586638481","Lite-Willia-AMidsummer-9781586638481","9781586638481","1586638483","9l9aGhgbelwC","https://www.google.com/search?tbm=bks&q=isbn:9781586638481","A Midsummer Night's Dream","","William Shakespeare","William Shakespeare","Literary Criticism","Literary Criticism","","https://www.loc.gov/search?q=9781586638481"
"9781586638528","Lite-Willia-Othello-9781586638528","9781586638528","1586638521","_JSwxQEACAAJ","https://www.google.com/search?tbm=bks&q=isbn:9781586638528","Othello","","William Shakespeare","William Shakespeare","Literary Criticism","Literary Criticism","","https://www.loc.gov/search?q=9781586638528"
"9781593083090","Fict-Thomas-TheMayorof-9781593083090","9781593083090","1593083092","MSqHuyOzDaUC","https://www.google.com/search?tbm=bks&q=isbn:9781593083090","The Mayor of Casterbridge","","Thomas Hardy","Thomas Hardy","Fiction","Fiction","","https://www.loc.gov/search?q=9781593083090"
"9781593080358","Fict-Thomas-JudetheObs-9781593080358","9781593080358","1593080352","Pga7wAEACAAJ","https://www.google.com/search?tbm=bks&q=isbn:9781593080358","Jude the Obscure","","Thomas Hardy","Thomas Hardy","Fiction","Fiction","","https://www.loc.gov/search?q=9781593080358"
"9781476753836","Cook-SaminN-Salt,Fat,A-9781476753836","9781476753836","1476753830","yvqxDgAAQBAJ","https://www.google.com/search?tbm=bks&q=isbn:9781476753836","Salt, Fat, Acid, Heat","Mastering the Elements of Good Cooking","Samin Nosrat","Samin Nosrat","Cooking","Cooking","TX651 .N67 2017","https://www.loc.gov/search?q=9781476753836"
"9781942411192","Cook-Sonoma-TheComplet-9781942411192","9781942411192","1942411197","PEn0rQEACAAJ","https://www.google.com/search?tbm=bks&q=isbn:9781942411192","The Complete Slow Cooking for Two","A Perfectly Portioned Slow Cooker Cookbook","Sonoma Press","Sonoma Press;Linda Larsen","Cooking","Cooking","","https://www.loc.gov/search?q=9781942411192"
"9781101903919","Cook-Chriss-Cravings-9781101903919","9781101903919","1101903910","U37aCwAAQBAJ","https://www.google.com/search?tbm=bks&q=isbn:9781101903919","Cravings","Recipes for All the Food You Want to Eat","Chrissy Teigen","Chrissy Teigen;Adeena Sussman","Cooking","Cooking","TX714 .T43 2016","https://www.loc.gov/search?q=9781101903919"
"9780525533894","---9780525533894","","","","https://www.google.com/search?tbm=bks&q=isbn:9780525533894","","","","","","","TP548 .P793 2018","https://www.loc.gov/search?q=9780525533894"
"9780848716868","Cook-JulieF-SouthernLi-9780848716868","9780848716868","0848716868","KgM6swEACAAJ","https://www.google.com/search?tbm=bks&q=isbn:9780848716868","Southern Living","Our Best Easy Weeknight Favorites","Julie Fisher","Julie Fisher","Cooking","Cooking","","https://www.loc.gov/search?q=9780848716868"
"9780811876438","Cook-Michae-Ruhlman'sT-9780811876438","9780811876438","0811876438","IUrMTywPNDUC","https://www.google.com/search?tbm=bks&q=isbn:9780811876438","Ruhlman's Twenty","20 Techniques, 200 Recipes, A Cook's Manifesto","Michael Ruhlman","Michael Ruhlman","Cooking","Cooking","TX651 .R738 2011","https://www.loc.gov/search?q=9780811876438"
"9780765377067","Fict-CixinL-TheThree-B-9780765377067","9780765377067","0765377063","QxbFBAAAQBAJ","https://www.google.com/search?tbm=bks&q=isbn:9780765377067","The Three-Body Problem","","Cixin Liu","Cixin Liu","Fiction","Fiction","PL2947.C59 S3613 2014","https://www.loc.gov/search?q=9780765377067"
"9780765377081","Fict-CixinL-TheDarkFor-9780765377081","9780765377081","076537708X","6_gZCgAAQBAJ","https://www.google.com/search?tbm=bks&q=isbn:9780765377081","The Dark Forest","","Cixin Liu","Cixin Liu","Fiction","Fiction","PL2947.C59 D37 2015","https://www.loc.gov/search?q=9780765377081"
"9780544668256","-Hought-ThingExpla-9780544668256","9780544668256","0544668251","T5xXrgEACAAJ","https://www.google.com/search?tbm=bks&q=isbn:9780544668256","Thing Explainer","Complicated Stuff in Simple Words","Houghton Mifflin Harcourt","Houghton Mifflin Harcourt;Randall Munroe","","","Q173 .M964 2015","https://www.loc.gov/search?q=9780544668256"
"9780765377104","Fict-CixinL-Death'sEnd-9780765377104","9780765377104","0765377101","gebBDAAAQBAJ","https://www.google.com/search?tbm=bks&q=isbn:9780765377104","Death's End","","Cixin Liu","Cixin Liu","Fiction","Fiction","PL2947.C59 D4313 2016","https://www.loc.gov/search?q=9780765377104"
"X0007KHFBV","---X0007KHFBV","","","","https://www.google.com/search?tbm=bks&q=isbn:X0007KHFBV","","","","","","","","https://www.loc.gov/search?q=X0007KHFBV"
"9781593082062","Fict-Charle-OliverTwis-9781593082062","9781593082062","1593082061","JsXq_iUpQ9EC","https://www.google.com/search?tbm=bks&q=isbn:9781593082062","Oliver Twist","","Charles Dickens","Charles Dickens","Fiction","Fiction","","https://www.loc.gov/search?q=9781593082062"
"9781586590857","Juve-AnneE.-TheHaunted-9781586590857","9781586590857","1586590855","VdaPKAAACAAJ","https://www.google.com/search?tbm=bks&q=isbn:9781586590857","The Haunted Hound","","Anne E. Schraff","Anne E. Schraff","Juvenile Fiction","Juvenile Fiction","","https://www.loc.gov/search?q=9781586590857"
"9780375507250","Fict-DavidS-CloudAtlas-9780375507250","9780375507250","0375507256","6lJmvgEACAAJ","https://www.google.com/search?tbm=bks&q=isbn:9780375507250","Cloud Atlas","a Novel","David Stephen Mitchell","David Stephen Mitchell","Fiction","Fiction","","https://www.loc.gov/search?q=9780375507250"
"9781451673319","Fict-RayBra-Fahrenheit-9781451673319","9781451673319","1451673310","y3CyRurE7P4C","https://www.google.com/search?tbm=bks&q=isbn:9781451673319","Fahrenheit 451","A Novel","Ray Bradbury","Ray Bradbury","Fiction","Fiction","","https://www.loc.gov/search?q=9781451673319"
"9780385333849","Fict-KurtVo-Slaughterh-9780385333849","9780385333849","0385333846","pWyLDQAAQBAJ","https://www.google.com/search?tbm=bks&q=isbn:9780385333849","Slaughterhouse-five","Or, The Children's Crusade, a Duty-dance with Death","Kurt Vonnegut","Kurt Vonnegut","Fiction","Fiction","","https://www.loc.gov/search?q=9780385333849"
"9781631490040","---9781631490040","","","","https://www.google.com/search?tbm=bks&q=isbn:9781631490040","","","","","","","","https://www.loc.gov/search?q=9781631490040"
"9780874866438","Phil-SørenK-Provocatio-9780874866438","9780874866438","087486643X","U7NpoAEACAAJ","https://www.google.com/search?tbm=bks&q=isbn:9780874866438","Provocations","Spiritual Writings of Kierkegaard","Søren Kierkegaard","Søren Kierkegaard","Philosophy","Philosophy","","https://www.loc.gov/search?q=9780874866438"
"9780062509598","---9780062509598","","","","https://www.google.com/search?tbm=bks&q=isbn:9780062509598","","","","","","","","https://www.loc.gov/search?q=9780062509598"
"9781451635621","---9781451635621","","","","https://www.google.com/search?tbm=bks&q=isbn:9781451635621","","","","","","","","https://www.loc.gov/search?q=9781451635621"
"9781501173219","Fict-Anthon-AlltheLigh-9781501173219","9781501173219","1501173219","giaLDgAAQBAJ","https://www.google.com/search?tbm=bks&q=isbn:9781501173219","All the Light We Cannot See","A Novel","Anthony Doerr","Anthony Doerr","Fiction","Fiction","","https://www.loc.gov/search?q=9781501173219"
"X000WH4P35","---X000WH4P35","","","","https://www.google.com/search?tbm=bks&q=isbn:X000WH4P35","","","","","","","https://www.loc.gov/rr/geogmap/pdf/newmap2015/201506newmaps.pdf","https://www.loc.gov/search?q=X000WH4P35"
"9780440418566","Juve-Philip-TheAmberSp-9780440418566","9780440418566","0440418569","tM30wr-fLqkC","https://www.google.com/search?tbm=bks&q=isbn:9780440418566","The Amber Spyglass","","Philip Pullman","Philip Pullman","Juvenile Fiction","Juvenile Fiction","","https://www.loc.gov/search?q=9780440418566"
"9780440418320","Juve-Philip-TheGoldenC-9780440418320","9780440418320","0440418321","KnOStwEACAAJ","https://www.google.com/search?tbm=bks&q=isbn:9780440418320","The Golden Compass","","Philip Pullman","Philip Pullman","Juvenile Fiction","Juvenile Fiction","PZ7.P968 Go 2007","https://www.loc.gov/search?q=9780440418320"
"9780440418337","Juve-Philip-TheSubtleK-9780440418337","9780440418337","044041833X","NVA6b0Bp80wC","https://www.google.com/search?tbm=bks&q=isbn:9780440418337","The Subtle Knife","","Philip Pullman","Philip Pullman","Juvenile Fiction","Juvenile Fiction","","https://www.loc.gov/search?q=9780440418337"
"9780544272996","Humo-Randal-WhatIf?-9780544272996","9780544272996","0544272994","tgZIBAAAQBAJ","https://www.google.com/search?tbm=bks&q=isbn:9780544272996","What If?","Serious Scientific Answers to Absurd Hypothetical Questions","Randall Munroe","Randall Munroe","Humor","Humor","Q173 .M965 2014","https://www.loc.gov/search?q=9780544272996"
"9781449471927","Comi-GavinA-DreamtheIm-9781449471927","9781449471927","1449471927","VvpPrgEACAAJ","https://www.google.com/search?tbm=bks&q=isbn:9781449471927","Dream the Impossible Dream","","Gavin Ang Than","Gavin Ang Than","Comics & Graphic Novels","Comics & Graphic Novels","","https://www.loc.gov/search?q=9781449471927"
"9781449457952","Comi-GavinA-ZenPencils-9781449457952","9781449457952","1449457959","zFgboAEACAAJ","https://www.google.com/search?tbm=bks&q=isbn:9781449457952","Zen Pencils","Cartoon Quotes from Inspirational Folks","Gavin Aung Than","Gavin Aung Than","Comics & Graphic Novels","Comics & Graphic Novels","PN6790.A83 T539 2014","https://www.loc.gov/search?q=9781449457952"
"9780692246184","Comi-Brenna-StrongFema-9780692246184","9780692246184","0692246185","aBHYoAEACAAJ","https://www.google.com/search?tbm=bks&q=isbn:9780692246184","Strong Female Protagonist","","Brennan Lee Mulligan","Brennan Lee Mulligan;Molly Ostertag","Comics & Graphic Novels","Comics & Graphic Novels","PN6727.M75 S77 2014","https://www.loc.gov/search?q=9780692246184"
"9780375703768","Fict-MarkZ.-MarkZ.Dani-9780375703768","9780375703768","0375703764","o6NzGNODRjkC","https://www.google.com/search?tbm=bks&q=isbn:9780375703768","Mark Z. Danielewski's House of Leaves","","Mark Z. Danielewski","Mark Z. Danielewski;Zampanò","Fiction","Fiction","","https://www.loc.gov/search?q=9780375703768"
"9780615314464","Humo-Randal-Xkcd-9780615314464","","","i5NZAAAAYAAJ","https://www.google.com/search?tbm=bks&q=isbn:9780615314464","Xkcd","Volume 0","Randall Munroe","Randall Munroe","Humor","Humor","","https://www.loc.gov/search?q=9780615314464"
"9781732102200","-JohnOu-APhilosoph-9781732102200","9781732102200","1732102201","pD6-swEACAAJ","https://www.google.com/search?tbm=bks&q=isbn:9781732102200","A Philosophy of Software Design","","John Ousterhout","John Ousterhout","","","","https://www.loc.gov/search?q=9781732102200"
"9781593272838","Comp-MiranL-LearnYouaH-9781593272838","9781593272838","1593272839","R2RbBAAAQBAJ","https://www.google.com/search?tbm=bks&q=isbn:9781593272838","Learn You a Haskell for Great Good!","A Beginner's Guide","Miran Lipovača","Miran Lipovača","Computers","Computers","QA76.73.H37 L69 2012","https://www.loc.gov/search?q=9781593272838"
"9781593275914","Comp-Daniel-Clojurefor-9781593275914","9781593275914","1593275919","mQLPCgAAQBAJ","https://www.google.com/search?tbm=bks&q=isbn:9781593275914","Clojure for the Brave and True","Learn the Ultimate Language and Become a Better Programmer","Daniel Higginbotham","Daniel Higginbotham","Computers","Computers","QA76.73.C565 H54 2015","https://www.loc.gov/search?q=9781593275914"
"9780988262508","Busi-GeneKi-ThePhoenix-9780988262508","9780988262508","0988262509","1arJwAEACAAJ","https://www.google.com/search?tbm=bks&q=isbn:9780988262508","The Phoenix Project","A Novel about IT, DevOps, and Helping Your Business Win","Gene Kim","Gene Kim;Kevin Behr;George Spafford","Business & Economics","Business & Economics","","https://www.loc.gov/search?q=9780988262508"
"9780735619678","Comp-SteveM-CodeComple-9780735619678","9780735619678","0735619670","pDsFCAAAQBAJ","https://www.google.com/search?tbm=bks&q=isbn:9780735619678","Code Complete","","Steve McConnell","Steve McConnell","Computers","Computers","","https://www.loc.gov/search?q=9780735619678"
"9780201616224","---9780201616224","","","","https://www.google.com/search?tbm=bks&q=isbn:9780201616224","","","","","","","","https://www.loc.gov/search?q=9780201616224"
"9780131103627","Comp-BrianW-TheCProgra-9780131103627","","","HHhGAAAAYAAJ","https://www.google.com/search?tbm=bks&q=isbn:9780131103627","The C Programming Language","","Brian W. Kernighan","Brian W. Kernighan;Dennis M. Ritchie","Computers","Computers","","https://www.loc.gov/search?q=9780131103627"
"9780596517748","Comp-Dougla-JavaScript-9780596517748","9780596517748","0596517742","F9ybAgAAQBAJ","https://www.google.com/search?tbm=bks&q=isbn:9780596517748","JavaScript","The Good Parts","Douglas Crockford","Douglas Crockford","Computers","Computers","","https://www.loc.gov/search?q=9780596517748"
"9780132350884","Comp-Robert-CleanCode-9780132350884","9780132350884","0132350882","hjEFCAAAQBAJ","https://www.google.com/search?tbm=bks&q=isbn:9780132350884","Clean Code","A Handbook of Agile Software Craftsmanship","Robert C. Martin","Robert C. Martin","Computers","Computers","","https://www.loc.gov/search?q=9780132350884"
"9781439860717","Comp-Richar-Introducti-9781439860717","9781439860717","1439860718","q_uvcQAACAAJ","https://www.google.com/search?tbm=bks&q=isbn:9781439860717","Introduction to Computer and Network Security","Navigating Shades of Gray","Richard R. Brooks","Richard R. Brooks","Computers","Computers","QA76.9.A25 B7745 2014","https://www.loc.gov/search?q=9781439860717"
"9780262510875","Comp-Harold-Structurea-9780262510875","9780262510875","0262510871","iL34DwAAQBAJ","https://www.google.com/search?tbm=bks&q=isbn:9780262510875","Structure and Interpretation of Computer Programs","","Harold Abelson","Harold Abelson;Gerald Jay Sussman;Julie Sussman","Computers","Computers","","https://www.loc.gov/search?q=9780262510875"
"9780992978716","Tech-Robert-SoftwareDe-9780992978716","9780992978716","0992978718","swp0awEACAAJ","https://www.google.com/search?tbm=bks&q=isbn:9780992978716","Software Defined Radio Using MATLAB & Simulink and the RTL-SDR","","Robert W Stewart","Robert W Stewart;Kenneth W Barlee;Dale S W Atkinson","Technology & Engineering","Technology & Engineering","","https://www.loc.gov/search?q=9780992978716"
"9780465024940","Scie-Richar-TheFeynman-9780465024940","9780465024940","0465024947","hlRhwGK40fgC","https://www.google.com/search?tbm=bks&q=isbn:9780465024940","The Feynman Lectures on Physics","Mainly Electromagnetism and Matter","Richard Phillips Feynman","Richard Phillips Feynman;Robert B. Leighton;Matthew Sands","Science","Science","","https://www.loc.gov/search?q=9780465024940"
"9780465025015","Scie-Richar-QuantumMec-9780465025015","9780465025015","0465025013","KsnbNL_rh04C","https://www.google.com/search?tbm=bks&q=isbn:9780465025015","Quantum Mechanics","","Richard Phillips Feynman","Richard Phillips Feynman;Robert B. Leighton;Matthew Linzee Sands","Science","Science","QC23 .F47 2011","https://www.loc.gov/search?q=9780465025015"
"9780062643520","---9780062643520","","","","https://www.google.com/search?tbm=bks&q=isbn:9780062643520","","","","","","","PR6023.E926 A6 2017b","https://www.loc.gov/search?q=9780062643520"
"9780679723004","Phil-AlanWa-TheBook-9780679723004","9780679723004","0679723005","YKPt96ZdidYC","https://www.google.com/search?tbm=bks&q=isbn:9780679723004","The Book","On the Taboo Against Knowing who You are","Alan Watts","Alan Watts","Philosophy","Philosophy","","https://www.loc.gov/search?q=9780679723004"
"9780898701173","Lite-G.K.Ch-TheCollect-9780898701173","9780898701173","0898701171","9rf_FUjDY7gC","https://www.google.com/search?tbm=bks&q=isbn:9780898701173","The Collected Works of G.K. Chesterton","","G. K. Chesterton","G. K. Chesterton","Literary Collections","Literary Collections","","https://www.loc.gov/search?q=9780898701173"
"9780898700794","Lite-Gilber-TheCollect-9780898700794","9780898700794","0898700795","7wzmjPSZ084C","https://www.google.com/search?tbm=bks&q=isbn:9780898700794","The Collected Works of G.K. Chesterton","","Gilbert Keith Chesterton","Gilbert Keith Chesterton","Literary Collections","Literary Collections","","https://www.loc.gov/search?q=9780898700794"
"9781586174897","Lite-Gilber-InDefenseo-9781586174897","9781586174897","1586174894","N6XyjWdJCiwC","https://www.google.com/search?tbm=bks&q=isbn:9781586174897","In Defense of Sanity","The Best Essays of G.K. Chesterton","Gilbert Keith Chesterton","Gilbert Keith Chesterton","Literary Collections","Literary Collections","PR4453.C4 I5 2011","https://www.loc.gov/search?q=9781586174897"
"9780871406736","Lite-Bertra-TheConques-9780871406736","9780871406736","087140673X","r25yMgEACAAJ","https://www.google.com/search?tbm=bks&q=isbn:9780871406736","The Conquest of Happiness","","Bertrand Russell","Bertrand Russell;Daniel C. Dennett","Literary Collections","Literary Collections","BJ1481 .R75 2013","https://www.loc.gov/search?q=9780871406736"
"9780415567862","Educ--Contentand-9780415567862","9780415567862","0415567866","cy9MUgqeupMC","https://www.google.com/search?tbm=bks&q=isbn:9780415567862","Content and Consciousness","","","","Education","Education","BF311 .D46 2010","https://www.loc.gov/search?q=9780415567862"
"9780156334600","Busi-Milton-FreetoChoo-9780156334600","9780156334600","0156334607","Dy4lZrrqzsgC","https://www.google.com/search?tbm=bks&q=isbn:9780156334600","Free to Choose","A Personal Statement","Milton Friedman","Milton Friedman;Rose Friedman;Rose D. Friedman","Business & Economics","Business & Economics","","https://www.loc.gov/search?q=9780156334600"
"9781592404940","Lang-JohnMc-OurMagnifi-9781592404940","9781592404940","1592404944","6LqJDQAAQBAJ","https://www.google.com/search?tbm=bks&q=isbn:9781592404940","Our Magnificent Bastard Tongue","The Untold History of English","John McWhorter","John McWhorter","Language Arts & Disciplines","Language Arts & Disciplines","","https://www.loc.gov/search?q=9781592404940"
"9780061724947","Phil-Aldous-ThePerenni-9780061724947","9780061724947","0061724947","R2J1Ag3rtzkC","https://www.google.com/search?tbm=bks&q=isbn:9780061724947","The Perennial Philosophy","An Interpretation of the Great Mystics, East and West","Aldous Huxley","Aldous Huxley","Philosophy","Philosophy","","https://www.loc.gov/search?q=9780061724947"
"9780061729072","Phil-Aldous-TheDoorsof-9780061729072","9780061892820","0061892823","V8_TVLDZ7W4C","https://www.google.com/search?tbm=bks&q=isbn:9780061729072","The Doors of Perception and Heaven and Hell","","Aldous Huxley","Aldous Huxley","Philosophy","Philosophy","","https://www.loc.gov/search?q=9780061729072"
"9781451636024","Body-SamHar-WakingUp-9781451636024","9781451636024","1451636024","4E0ADAAAQBAJ","https://www.google.com/search?tbm=bks&q=isbn:9781451636024","Waking Up","A Guide to Spirituality Without Religion","Sam Harris","Sam Harris","Body, Mind & Spirit","Body, Mind & Spirit","BL624 .H333 2014","https://www.loc.gov/search?q=9781451636024"
"9780226287058","Lang-TheUni-TheChicago-9780226287058","9780226287058","022628705X","T-30uAEACAAJ","https://www.google.com/search?tbm=bks&q=isbn:9780226287058","The Chicago Manual of Style, 17th Edition","","The University The University of Chicago Press Editorial Staff","The University The University of Chicago Press Editorial Staff","Language Arts & Disciplines","Language Arts & Disciplines","Z253 .U69 2017","https://www.loc.gov/search?q=9780226287058"
"9780060009427","---9780060009427","","","","https://www.google.com/search?tbm=bks&q=isbn:9780060009427","","","","","","","","https://www.loc.gov/search?q=9780060009427"
"9780199538003","Hist-Thomas-RightsofMa-9780199538003","9780199538003","019953800X","slgVDAAAQBAJ","https://www.google.com/search?tbm=bks&q=isbn:9780199538003","Rights of Man, Common Sense, and Other Political Writings","","Thomas Paine","Thomas Paine","History","History","JC177 .A3 2008","https://www.loc.gov/search?q=9780199538003"
"9780060850524","Fict-Aldous-BraveNewWo-9780060850524","9780060850524","0060850523","V4kY9WSCgSwC","https://www.google.com/search?tbm=bks&q=isbn:9780060850524","Brave New World","","Aldous Huxley","Aldous Huxley","Fiction","Fiction","","https://www.loc.gov/search?q=9780060850524"
"9780521528924","Phil-SaintT-Aquinas:Su-9780521528924","9780521528924","0521528925","SZD7HnK0KVIC","https://www.google.com/search?tbm=bks&q=isbn:9780521528924","Aquinas: Summa Theologiae, Questions on God","","Saint Thomas (Aquinas)","Saint Thomas (Aquinas)","Philosophy","Philosophy","","https://www.loc.gov/search?q=9780521528924"
"9781503250888","---9781503250888","","","","https://www.google.com/search?tbm=bks&q=isbn:9781503250888","","","","","","","","https://www.loc.gov/search?q=9781503250888"
"9780415254083","Phil-Ludwig-TractatusL-9780415254083","9780415254083","0415254086","p86r0bvRxQAC","https://www.google.com/search?tbm=bks&q=isbn:9780415254083","Tractatus Logico-philosophicus","","Ludwig Wittgenstein","Ludwig Wittgenstein","Philosophy","Philosophy","","https://www.loc.gov/search?q=9780415254083"
"9780061575594","Reli-Martin-BeingandTi-9780061575594","9780061575594","0061575593","0351VlMDqGEC","https://www.google.com/search?tbm=bks&q=isbn:9780061575594","Being and Time","","Martin Heidegger","Martin Heidegger","Religion","Religion","B3279.H48 S43 2008","https://www.loc.gov/search?q=9780061575594"
"9780061253805","Biog-Aleksa-TheGulagAr-9780061253805","9780061253805","0061253804","M8w3xwEACAAJ","https://www.google.com/search?tbm=bks&q=isbn:9780061253805","The Gulag Archipelago 1918-1956 Abridged","An Experiment in Literary Investigation","Aleksandr I. Solzhenitsyn","Aleksandr I. Solzhenitsyn","Biography & Autobiography","Biography & Autobiography","HV9713 .S6413 2007","https://www.loc.gov/search?q=9780061253805"
"9780374533557","---9780374533557","","","","https://www.google.com/search?tbm=bks&q=isbn:9780374533557","","","","","","","BF441 .K238 2011","https://www.loc.gov/search?q=9780374533557"
"9780393353990","Biog-BenBer-TheCourage-9780393353990","9780393353990","0393353990","rbpVvgAACAAJ","https://www.google.com/search?tbm=bks&q=isbn:9780393353990","The Courage to Act","A Memoir of a Crisis and Its Aftermath","Ben Bernanke","Ben Bernanke","Biography & Autobiography","Biography & Autobiography","HG2563 .B47 2015","https://www.loc.gov/search?q=9780393353990"
"9780465026562","Phil-Dougla-Godel,Esch-9780465026562","9780465026562","0465026567","63yk44Sc59EC","https://www.google.com/search?tbm=bks&q=isbn:9780465026562","Godel, Escher, Bach","An Eternal Golden Braid","Douglas R. Hofstadter","Douglas R. Hofstadter","Philosophy","Philosophy","","https://www.loc.gov/search?q=9780465026562"
"9780684824291","Educ-Richar-TheBellCur-9780684824291","","","UGhYAAAAMAAJ","https://www.google.com/search?tbm=bks&q=isbn:9780684824291","The Bell Curve","Intelligence and Class Structure in American Life","Richard J. Herrnstein","Richard J. Herrnstein;Charles A. Murray","Educational psychology","Educational psychology","","https://www.loc.gov/search?q=9780684824291"
"9780451528841","Fict-RalphK-TheAnti-Fe-9780451528841","9780451528841","0451528840","8E8Zk3ZZNoYC","https://www.google.com/search?tbm=bks&q=isbn:9780451528841","The Anti-Federalist Papers ; And, The Constitutional Convention Debates","","Ralph Ketcham","Ralph Ketcham","Fiction","Fiction","","https://www.loc.gov/search?q=9780451528841"
"9780553585971","Busi-AdamSm-TheWealtho-9780553585971","9780553585971","0553585975","BtGIDwAAQBAJ","https://www.google.com/search?tbm=bks&q=isbn:9780553585971","The Wealth of Nations","","Adam Smith","Adam Smith","Business & Economics","Business & Economics","","https://www.loc.gov/search?q=9780553585971"
"9780062432964","---9780062432964","","","","https://www.google.com/search?tbm=bks&q=isbn:9780062432964","","","","","","","","https://www.loc.gov/search?q=9780062432964"
"9780451528810","Fict-Alexan-TheFederal-9780451528810","9780451528810","0451528816","kyLHm69dWjUC","https://www.google.com/search?tbm=bks&q=isbn:9780451528810","The Federalist Papers","","Alexander Hamilton","Alexander Hamilton;James Madison;John Jay;Clinton Rossiter","Fiction","Fiction","","https://www.loc.gov/search?q=9780451528810"
"9780316219280","---9780316219280","","","","https://www.google.com/search?tbm=bks&q=isbn:9780316219280","","","","","","","Z473.A485 S76 2014","https://www.loc.gov/search?q=9780316219280"
"9781593081171","Fict-Charlo-JaneEyre-9781593081171","9781593081171","1593081170","PqvuwAEACAAJ","https://www.google.com/search?tbm=bks&q=isbn:9781593081171","Jane Eyre","","Charlotte Brontë","Charlotte Brontë","Fiction","Fiction","","https://www.loc.gov/search?q=9781593081171"
"9780060520854","Lang-JohnMc-ThePowerof-9780060520854","9780060520854","006052085X","f96h2aLNNxsC","https://www.google.com/search?tbm=bks&q=isbn:9780060520854","The Power of Babel","A Natural History of Language","John McWhorter","John McWhorter","Language Arts & Disciplines","Language Arts & Disciplines","","https://www.loc.gov/search?q=9780060520854"
"9780307278449","Fict-ToniMo-TheBluestE-9780307278449","9780307278449","0307278441","ANKODQAAQBAJ","https://www.google.com/search?tbm=bks&q=isbn:9780307278449","The Bluest Eye","","Toni Morrison","Toni Morrison","Fiction","Fiction","PS3563.O8749 B55 2007","https://www.loc.gov/search?q=9780307278449"
"9780198739838","-NickBo-Superintel-9780198739838","9780198739838","0198739834","i0QdjgEACAAJ","https://www.google.com/search?tbm=bks&q=isbn:9780198739838","Superintelligence","Paths, Dangers, Strategies","Nick Bostrom","Nick Bostrom","","","Q335 .B67 2016","https://www.loc.gov/search?q=9780198739838"
"9780345816023","PHIL-Jordan-12Rulesfor-9780345816023","9780345816023","0345816021","sxVHDwAAQBAJ","https://www.google.com/search?tbm=bks&q=isbn:9780345816023","12 Rules for Life","An Antidote to Chaos","Jordan B. Peterson","Jordan B. Peterson","PHILOSOPHY","PHILOSOPHY","http://lccn.loc.gov/2017416946","https://www.loc.gov/search?q=9780345816023"
"9780061994951","---9780061994951","","","","https://www.google.com/search?tbm=bks&q=isbn:9780061994951","","","","","","","","https://www.loc.gov/search?q=9780061994951"
"9780307719225","Busi-DaronA-WhyNations-9780307719225","9780307719225","0307719227","FXJvAAAAQBAJ","https://www.google.com/search?tbm=bks&q=isbn:9780307719225","Why Nations Fail","The Origins of Power, Prosperity, and Poverty","Daron Acemoglu","Daron Acemoglu;James A. Robinson","Business & Economics","Business & Economics","","https://www.loc.gov/search?q=9780307719225"
"9780399563300","Biog-KarlOv-Autumn-9780399563300","9780399563300","039956330X","vV6xAQAACAAJ","https://www.google.com/search?tbm=bks&q=isbn:9780399563300","Autumn","","Karl Ove Knausgaard","Karl Ove Knausgaard","Biography & Autobiography","Biography & Autobiography","PT8951.21.N38 O413 2017","https://www.loc.gov/search?q=9780399563300"
"9781626251700","Psyc-Lindsa-AdultChild-9781626251700","9781626251700","1626251703","jgHloQEACAAJ","https://www.google.com/search?tbm=bks&q=isbn:9781626251700","Adult Children of Emotionally Immature Parents","How to Heal from Difficult, Rejecting, Or Self-involved Parents","Lindsay C. Gibson","Lindsay C. Gibson","Psychology","Psychology","RC455.4.F3 G53 2015","https://www.loc.gov/search?q=9781626251700"
"9781612197494","ART-JennyO-HowtoDoNot-9781612197494","9781612197494","1612197493","286MDwAAQBAJ","https://www.google.com/search?tbm=bks&q=isbn:9781612197494","How to Do Nothing","","Jenny Odell","Jenny Odell","ART","ART","HM851 .O374 2019","https://www.loc.gov/search?q=9781612197494"
"9780593098233","Fict-FrankH-DuneMessia-9780593098233","9780593098233","0593098234","uryWDwAAQBAJ","https://www.google.com/search?tbm=bks&q=isbn:9780593098233","Dune Messiah","","Frank Herbert","Frank Herbert","Fiction","Fiction","","https://www.loc.gov/search?q=9780593098233"
"9780425284643","---9780425284643","","","","https://www.google.com/search?tbm=bks&q=isbn:9780425284643","","","","","","","","https://www.loc.gov/search?q=9780425284643"
"9780985930806","Comp-Daniel-TheNatureo-9780985930806","9780985930806","0985930802","hoK6lgEACAAJ","https://www.google.com/search?tbm=bks&q=isbn:9780985930806","The Nature of Code","","Daniel Shiffman","Daniel Shiffman","Computer programming","Computer programming","","https://www.loc.gov/search?q=9780985930806"
"9780593098240","Fict-FrankH-Childrenof-9780593098240","9780593098240","0593098242","2ryWDwAAQBAJ","https://www.google.com/search?tbm=bks&q=isbn:9780593098240","Children of Dune","","Frank Herbert","Frank Herbert","Fiction","Fiction","","https://www.loc.gov/search?q=9780593098240"
"9780441172719","Fict-FrankH-Dune-9780441172719","9780441172719","0441172717","nrRKDwAAQBAJ","https://www.google.com/search?tbm=bks&q=isbn:9780441172719","Dune","","Frank Herbert","Frank Herbert","Fiction","Fiction","","https://www.loc.gov/search?q=9780441172719"
"9781544508054","-Nassim-Statistica-9781544508054","9781544508054","1544508050","gLttzQEACAAJ","https://www.google.com/search?tbm=bks&q=isbn:9781544508054","Statistical Consequences of Fat Tails","Real World Preasymptotics, Epistemology, and Applications","Nassim Nicholas Taleb","Nassim Nicholas Taleb","","","","https://www.loc.gov/search?q=9781544508054"
"9780300181111","Comp-Johnvo-TheCompute-9780300181111","9780300181111","0300181116","hvPAUX0glAYC","https://www.google.com/search?tbm=bks&q=isbn:9780300181111","The Computer and the Brain","","John von Neumann","John von Neumann;Ray Kurzweil","Computers","Computers","QA76 .V59 2012","https://www.loc.gov/search?q=9780300181111"
"9781405159289","Phil-Ludwig-Philosophi-9781405159289","9781405159289","1405159286","n4hKDwAAQBAJ","https://www.google.com/search?tbm=bks&q=isbn:9781405159289","Philosophical Investigations","","Ludwig Wittgenstein","Ludwig Wittgenstein","Philosophy","Philosophy","B3376.W563 P53 2009","https://www.loc.gov/search?q=9781405159289"
"9780812973815","Busi-Nassim-TheBlackSw-9780812973815","9780812973815","081297381X","h2WMDQAAQBAJ","https://www.google.com/search?tbm=bks&q=isbn:9780812973815","The Black Swan","The Impact of the Highly Improbable","Nassim Nicholas Taleb","Nassim Nicholas Taleb","Business & Economics","Business & Economics","Q375 .T35 2010","https://www.loc.gov/search?q=9780812973815"
"9780593098264","Fict-FrankH-Hereticsof-9780593098264","9780593098264","0593098269","1ryWDwAAQBAJ","https://www.google.com/search?tbm=bks&q=isbn:9780593098264","Heretics of Dune","","Frank Herbert","Frank Herbert","Fiction","Fiction","","https://www.loc.gov/search?q=9780593098264"
"9780593098257","Fict-FrankH-GodEmperor-9780593098257","9780593098257","0593098250","0ryWDwAAQBAJ","https://www.google.com/search?tbm=bks&q=isbn:9780593098257","God Emperor of Dune","","Frank Herbert","Frank Herbert","Fiction","Fiction","","https://www.loc.gov/search?q=9780593098257"
"9781604336436","Cook-SarahB-NewOrleans-9781604336436","9781604336436","1604336439","jK2aDwAAQBAJ","https://www.google.com/search?tbm=bks&q=isbn:9781604336436","New Orleans Cocktails","An Elegant Collection of over 100 Recipes Inspired by the Big Easy","Sarah Baird","Sarah Baird","Cooking","Cooking","TX951 .B227 2017","https://www.loc.gov/search?q=9781604336436"
"9780060555665","---9780060555665","","","","https://www.google.com/search?tbm=bks&q=isbn:9780060555665","","","","","","","HG4521 .G665 2003","https://www.loc.gov/search?q=9780060555665"
"9780981531618","-Martin-Programmin-9780981531618","9780981531618","098153161X","phOyzAEACAAJ","https://www.google.com/search?tbm=bks&q=isbn:9780981531618","Programming in Scala","","Martin Odersky","Martin Odersky;Bill Venners;Lex Spoon","","","QA76.73.S28 O44 2019","https://www.loc.gov/search?q=9780981531618"
"9780596514983","Comp-BryanO-RealWorldH-9780596514983","9780596514983","0596514980","x9mbAgAAQBAJ","https://www.google.com/search?tbm=bks&q=isbn:9780596514983","Real World Haskell","","Bryan O'Sullivan","Bryan O'Sullivan;Donald Stewart;John Goerzen","Computers","Computers","","https://www.loc.gov/search?q=9780596514983"
"9780593098271","Fict-FrankH-Chapterhou-9780593098271","9780593098271","0593098277","3LyWDwAAQBAJ","https://www.google.com/search?tbm=bks&q=isbn:9780593098271","Chapterhouse: Dune","","Frank Herbert","Frank Herbert","Fiction","Fiction","","https://www.loc.gov/search?q=9780593098271"
"9780547928210","Fict-JohnRo-TheFellows-9780547928210","9780547928210","0547928211","AY9yyAEACAAJ","https://www.google.com/search?tbm=bks&q=isbn:9780547928210","The Fellowship of the Ring","Being the First Part of The Lord of the Rings","John Ronald Reuel Tolkien","John Ronald Reuel Tolkien","Fiction","Fiction","PR6039.O32 L6 2012","https://www.loc.gov/search?q=9780547928210"
"9780415922227","Psyc-Jordan-MapsofMean-9780415922227","9780415922227","0415922224","8Siqb_pbg0MC","https://www.google.com/search?tbm=bks&q=isbn:9780415922227","Maps of Meaning","The Architecture of Belief","Jordan B. Peterson","Jordan B. Peterson","Psychology","Psychology","","https://www.loc.gov/search?q=9780415922227"
"9781501124020","Busi-RayDal-Principles-9781501124020","9781501124020","1501124021","okk1DwAAQBAJ","https://www.google.com/search?tbm=bks&q=isbn:9781501124020","Principles","Life and Work","Ray Dalio","Ray Dalio","Business & Economics","Business & Economics","HF5386 .D167 2017","https://www.loc.gov/search?q=9781501124020"
"9780143122012","Psyc-Steven-TheBetterA-9780143122012","9780143122012","0143122010","8-vYCwAAQBAJ","https://www.google.com/search?tbm=bks&q=isbn:9780143122012","The Better Angels of Our Nature","Why Violence Has Declined","Steven Pinker","Steven Pinker","Psychology","Psychology","","https://www.loc.gov/search?q=9780143122012"
"9780486404455","Phil-Ludwig-TractatusL-9780486404455","9780486404455","0486404455","Z2gLU0id72sC","https://www.google.com/search?tbm=bks&q=isbn:9780486404455","Tractatus Logico-Philosophicus","","Ludwig Wittgenstein","Ludwig Wittgenstein;Charles Kay Ogden","Philosophy","Philosophy","","https://www.loc.gov/search?q=9780486404455"
"9788131792117","Phys-Richar-TheFeynman-9788131792117","9788131792117","8131792110","ViPpxgEACAAJ","https://www.google.com/search?tbm=bks&q=isbn:9788131792117","The Feynman Lectures on Physics","","Richard Phillips Feynman","Richard Phillips Feynman;Robert B. Leighton;Matthew Linzee Sands","Physics","Physics","","https://www.loc.gov/search?q=9788131792117"
"9788590379867","Comp-Robert-Programmin-9788590379867","9788590379867","8590379868","k6UXvgAACAAJ","https://www.google.com/search?tbm=bks&q=isbn:9788590379867","Programming in Lua, Fourth Edition","","Roberto Ierusalimschy","Roberto Ierusalimschy","Computer programming","Computer programming","","https://www.loc.gov/search?q=9788590379867"
"9780547928203","Fict-JohnRo-TheTwoTowe-9780547928203","9780547928203","0547928203","b3UDxgEACAAJ","https://www.google.com/search?tbm=bks&q=isbn:9780547928203","The Two Towers","Being the Second Part of The Lord of the Rings","John Ronald Reuel Tolkien","John Ronald Reuel Tolkien","Fiction","Fiction","PR6039.O32 T96 1994","https://www.loc.gov/search?q=9780547928203"
"9780547928197","---9780547928197","","","","https://www.google.com/search?tbm=bks&q=isbn:9780547928197","","","","","","","PR6039.O32 R48 1994","https://www.loc.gov/search?q=9780547928197"
"9780547572550","Fict-Philip-TheThreeSt-9780547572550","9780547572550","0547572557","S0pxC7PEXFkC","https://www.google.com/search?tbm=bks&q=isbn:9780547572550","The Three Stigmata of Palmer Eldritch","","Philip K. Dick","Philip K. Dick","Fiction","Fiction","PS3554.I3 T46 2011","https://www.loc.gov/search?q=9780547572550"
"9780062311573","Biog-BlairB-Welcometot-9780062311573","9780062311573","0062311573","UF6dDAEACAAJ","https://www.google.com/search?tbm=bks&q=isbn:9780062311573","Welcome to the Goddamn Ice Cube","Chasing Fear and Finding Home in the Great White North","Blair Braverman","Blair Braverman","Biography & Autobiography","Biography & Autobiography","","https://www.loc.gov/search?q=9780062311573"
"9780307476074","Biog-Cheryl-Wild-9780307476074","9780307476074","0307476073","CdtYvZwZUFQC","https://www.google.com/search?tbm=bks&q=isbn:9780307476074","Wild","From Lost to Found on the Pacific Crest Trail","Cheryl Strayed","Cheryl Strayed","Biography & Autobiography","Biography & Autobiography","PS3619.T744 Z46 2013b","https://www.loc.gov/search?q=9780307476074"
"9780544338012","---9780544338012","","","","https://www.google.com/search?tbm=bks&q=isbn:9780544338012","","","","","","","","https://www.loc.gov/search?q=9780544338012"
"9780547928227","Adve-JohnRo-TheHobbit,-9780547928227","9780547928227","054792822X","kdZnswEACAAJ","https://www.google.com/search?tbm=bks&q=isbn:9780547928227","The Hobbit, Or, There and Back Again","","John Ronald Reuel Tolkien","John Ronald Reuel Tolkien","Adventure stories","Adventure stories","PZ7.T5744 Ho 2012","https://www.loc.gov/search?q=9780547928227"
"9781593080662","Fict-Victor-LesMiserab-9781593080662","9781593080662","1593080662","YESB90FOStQC","https://www.google.com/search?tbm=bks&q=isbn:9781593080662","Les Miserables (Abridged) (Barnes & Noble Classics Series)","","Victor Hugo","Victor Hugo;Charles Edwin Wilbour","Fiction","Fiction","","https://www.loc.gov/search?q=9781593080662"
"9780156013864","Fict-Antoin-DerKleineP-9780156013864","9780156013864","015601386X","bXKDEJfJJ_8C","https://www.google.com/search?tbm=bks&q=isbn:9780156013864","Der Kleine Prinz (German)","","Antoine de Saint-Exupéry","Antoine de Saint-Exupéry","Fiction","Fiction","","https://www.loc.gov/search?q=9780156013864"
"9780156012195","Juve--TheLittleP-9780156012195","9780156012195","0156012197","vlr0uqedlWcC","https://www.google.com/search?tbm=bks&q=isbn:9780156012195","The Little Prince","","","","Juvenile Fiction","Juvenile Fiction","","https://www.loc.gov/search?q=9780156012195"
"9780345404473","Fict-Philip-DoAndroids-9780345404473","9780345404473","0345404475","3vExWrUnJB0C","https://www.google.com/search?tbm=bks&q=isbn:9780345404473","Do Androids Dream of Electric Sheep?","","Philip K. Dick","Philip K. Dick","Fiction","Fiction","","https://www.loc.gov/search?q=9780345404473"
"9780547572482","Fict-Philip-TheManinth-9780547572482","9780547572482","0547572484","NtukmPtq2l8C","https://www.google.com/search?tbm=bks&q=isbn:9780547572482","The Man in the High Castle","","Philip K. Dick","Philip K. Dick","Fiction","Fiction","","https://www.loc.gov/search?q=9780547572482"
"9780547572178","Fict-Philip-AScannerDa-9780547572178","9780547572178","0547572174","hg9njt3vmgQC","https://www.google.com/search?tbm=bks&q=isbn:9780547572178","A Scanner Darkly","","Philip K. Dick","Philip K. Dick","Fiction","Fiction","","https://www.loc.gov/search?q=9780547572178"
"9780062906717","Scie-Annaka-Conscious-9780062906717","9780062906717","0062906712","k4hRuwEACAAJ","https://www.google.com/search?tbm=bks&q=isbn:9780062906717","Conscious","A Brief Guide to the Fundamental Mystery of the Mind","Annaka Harris","Annaka Harris","Science","Science","","https://www.loc.gov/search?q=9780062906717"
"9780300180275","Phil-PeterS-TheMostGoo-9780300180275","9780300180275","0300180276","GriFBwAAQBAJ","https://www.google.com/search?tbm=bks&q=isbn:9780300180275","The Most Good You Can Do","How Effective Altruism is Changing Ideas about Living Ethically","Peter Singer","Peter Singer","Philosophy","Philosophy","","https://www.loc.gov/search?q=9780300180275"
"9781451663884","Fami-AdeleF-HowtoTalkS-9781451663884","9781451663884","1451663889","bSJdeLSEQ-IC","https://www.google.com/search?tbm=bks&q=isbn:9781451663884","How to Talk So Kids Will Listen & Listen So Kids Will Talk","","Adele Faber","Adele Faber;Elaine Mazlish","Family & Relationships","Family & Relationships","","https://www.loc.gov/search?q=9781451663884"
"9780199214198","Phil-SorenK-Repetition-9780199214198","9780199214198","0199214190","qebSpiMoEaMC","https://www.google.com/search?tbm=bks&q=isbn:9780199214198","Repetition and Philosophical Crumbs","","Soren Kierkegaard","Soren Kierkegaard;M.G. Piety;Edward F. Mooney","Philosophy","Philosophy","","https://www.loc.gov/search?q=9780199214198"
"9780061713279","Phil-SorenK-WorksofLov-9780061713279","9780061713279","0061713279","RTe4wAEACAAJ","https://www.google.com/search?tbm=bks&q=isbn:9780061713279","Works of Love","","Soren Kierkegaard","Soren Kierkegaard","Philosophy","Philosophy","","https://www.loc.gov/search?q=9780061713279"
"9780140445336","Phil-SorenK-TheSicknes-9780140445336","9780140445336","0140445331","eeOMT5Sm4dwC","https://www.google.com/search?tbm=bks&q=isbn:9780140445336","The Sickness Unto Death","A Christian Psychological Exposition of Edification and Awakening by Anti-Climacus","Soren Kierkegaard","Soren Kierkegaard","Philosophy","Philosophy","","https://www.loc.gov/search?q=9780140445336"
"9780359360581","Tech-Zachar-Elementsof-9780359360581","9780359360581","0359360580","JSiLDwAAQBAJ","https://www.google.com/search?tbm=bks&q=isbn:9780359360581","Elements of Clojure","","Zachary Tellman","Zachary Tellman","Technology & Engineering","Technology & Engineering","","https://www.loc.gov/search?q=9780359360581"
"9781501156984","Body-JohnYa-TheMindIll-9781501156984","9781501156984","1501156985","UPfLDQAAQBAJ","https://www.google.com/search?tbm=bks&q=isbn:9781501156984","The Mind Illuminated","A Complete Meditation Guide Integrating Buddhist Wisdom and Brain Science for Greater Mindfulness","John Yates","John Yates;Matthew Immergut;Jeremy Graves","Body, Mind & Spirit","Body, Mind & Spirit","","https://www.loc.gov/search?q=9781501156984"
"9781453886328","Poli-KarlMa-DasKapital-9781453886328","9781453886328","145388632X","6iJutwAACAAJ","https://www.google.com/search?tbm=bks&q=isbn:9781453886328","Das Kapital","A Critique of Political Economy","Karl Marx","Karl Marx","Political Science","Political Science","","https://www.loc.gov/search?q=9781453886328"
"9780670033041","-JohnSt-EastofEden-9780670033041","9780670033041","0670033049","L3J1swEACAAJ","https://www.google.com/search?tbm=bks&q=isbn:9780670033041","East of Eden: John Steinbeck Centennial Edition (1902-2002).","","John Steinbeck","John Steinbeck","","","","https://www.loc.gov/search?q=9780670033041"
"9780143038412","Biog-Elizab-Eat,Pray,L-9780143038412","9780143038412","0143038419","zquLDQAAQBAJ","https://www.google.com/search?tbm=bks&q=isbn:9780143038412","Eat, Pray, Love","One Woman's Search for Everything Across Italy, India, and Indonesia","Elizabeth Gilbert","Elizabeth Gilbert","Biography & Autobiography","Biography & Autobiography","","https://www.loc.gov/search?q=9780143038412"
"9780060670771","Reli-Doroth-TheMindoft-9780060670771","9780060670771","0060670770","JRisd6_HhLYC","https://www.google.com/search?tbm=bks&q=isbn:9780060670771","The Mind of the Maker","","Dorothy L. Sayers","Dorothy L. Sayers","Religion","Religion","","https://www.loc.gov/search?q=9780060670771"
"9780316204378","Psyc-Malcol-DavidandGo-9780316204378","9780316204378","0316204374","dhbsoQEACAAJ","https://www.google.com/search?tbm=bks&q=isbn:9780316204378","David and Goliath","Underdogs, Misfits, and the Art of Battling Giants","Malcolm Gladwell","Malcolm Gladwell","Psychology","Psychology","","https://www.loc.gov/search?q=9780316204378"
"9780618706419","Fict-TimO'B-TheThingsT-9780618706419","9780618706419","0618706410","dEmrDwAAQBAJ","https://www.google.com/search?tbm=bks&q=isbn:9780618706419","The Things They Carried","A Work of Fiction","Tim O'Brien","Tim O'Brien","Fiction","Fiction","","https://www.loc.gov/search?q=9780618706419"
"9781984854278","Cond-Lin-Ma-Gmorning,G-9781984854278","9781984854278","1984854275","PQlwDwAAQBAJ","https://www.google.com/search?tbm=bks&q=isbn:9781984854278","Gmorning, Gnight!","Little Pep Talks for Me & You","Lin-Manuel Miranda","Lin-Manuel Miranda","Conduct of life","Conduct of life","","https://www.loc.gov/search?q=9781984854278"
"9780451163936","Phil-AynRan-TheVirtueo-9780451163936","9780451163936","0451163931","vtGzoVxe0REC","https://www.google.com/search?tbm=bks&q=isbn:9780451163936","The Virtue of Selfishness","A New Concept of Egoism","Ayn Rand","Ayn Rand;Nathaniel Branden","Philosophy","Philosophy","","https://www.loc.gov/search?q=9780451163936"
"9781593080549","Fict-Robert-TheStrange-9781593080549","9781593080549","1593080549","6JPHwAEACAAJ","https://www.google.com/search?tbm=bks&q=isbn:9781593080549","The Strange Case of Dr. Jekyll and Mr. Hyde and Other Stories","","Robert Louis Stevenson","Robert Louis Stevenson","Fiction","Fiction","","https://www.loc.gov/search?q=9781593080549"
"9781577315933","Psyc-Joseph-TheHerowit-9781577315933","9781577315933","1577315936","G8rewAEACAAJ","https://www.google.com/search?tbm=bks&q=isbn:9781577315933","The Hero with a Thousand Faces","","Joseph Campbell","Joseph Campbell","Psychology","Psychology","","https://www.loc.gov/search?q=9781577315933"
"9780671882365","Educ-Daniel-WhatJaneAu-9780671882365","9780671882365","0671882368","HKj8jUM630EC","https://www.google.com/search?tbm=bks&q=isbn:9780671882365","What Jane Austen Ate and Charles Dickens Knew","From Fox Hunting to Whist-the Facts of Daily Life in Nineteenth-Century England","Daniel Pool","Daniel Pool","Education","Education","","https://www.loc.gov/search?q=9780671882365"
"9780871407108","---9780871407108","","","","https://www.google.com/search?tbm=bks&q=isbn:9780871407108","","","","","","","","https://www.loc.gov/search?q=9780871407108"
"9780618689118","---9780618689118","","","","https://www.google.com/search?tbm=bks&q=isbn:9780618689118","","","","","","","","https://www.loc.gov/search?q=9780618689118"
"9780226240077","---9780226240077","","","","https://www.google.com/search?tbm=bks&q=isbn:9780226240077","","","","","","","","https://www.loc.gov/search?q=9780226240077"
"9780520294356","Lang-ErikaB-TheCopyedi-9780520294356","9780520294356","0520294351","kAuIDwAAQBAJ","https://www.google.com/search?tbm=bks&q=isbn:9780520294356","The Copyeditor's Workbook","Exercises and Tips for Honing Your Editorial Judgment","Erika Buky","Erika Buky;Marilyn Schwartz;Amy Einsohn","Language Arts & Disciplines","Language Arts & Disciplines","","https://www.loc.gov/search?q=9780520294356"
"9780393931501","Fict-grafLe-Tolstoy'sS-9780393931501","9780393931501","0393931501","m7c9PwAACAAJ","https://www.google.com/search?tbm=bks&q=isbn:9780393931501","Tolstoy's Short Fiction","Revised Translations, Backgrounds and Sources, Criticism","graf Leo Tolstoy","graf Leo Tolstoy","Fiction","Fiction","","https://www.loc.gov/search?q=9780393931501"
"9781593080587","Fict-Fyodor-TheIdiot-9781593080587","9781593080587","1593080581","JOcWEAAAQBAJ","https://www.google.com/search?tbm=bks&q=isbn:9781593080587","The Idiot","","Fyodor Dostoyevsky","Fyodor Dostoyevsky","Fiction","Fiction","","https://www.loc.gov/search?q=9781593080587"
"9781593080594","Dram-OscarW-TheImporta-9781593080594","9781593080594","159308059X","YkXKfA23D3wC","https://www.google.com/search?tbm=bks&q=isbn:9781593080594","The Importance of Being Earnest and Four Other Plays","","Oscar Wilde","Oscar Wilde","Drama","Drama","","https://www.loc.gov/search?q=9781593080594"
"9781593080259","Fict-OscarW-ThePicture-9781593080259","9781593080259","1593080255","Gy_T3abN6AEC","https://www.google.com/search?tbm=bks&q=isbn:9781593080259","The Picture of Dorian Gray","","Oscar Wilde","Oscar Wilde","Fiction","Fiction","","https://www.loc.gov/search?q=9781593080259"
"9781593082208","---9781593082208","","","","https://www.google.com/search?tbm=bks&q=isbn:9781593082208","","","","","","","","https://www.loc.gov/search?q=9781593082208"
"9780140449105","Phil-Thomas-Utopia-9780140449105","9780140449105","0140449108","g7nCxQEACAAJ","https://www.google.com/search?tbm=bks&q=isbn:9780140449105","Utopia","","Thomas More","Thomas More","Philosophy","Philosophy","","https://www.loc.gov/search?q=9780140449105"
"2900872201360","---2900872201360","","","","https://www.google.com/search?tbm=bks&q=isbn:2900872201360","","","","","","","","https://www.loc.gov/search?q=2900872201360"
"9780060652937","Reli-C.S.Le-TheScrewta-9780060652937","9780060652937","0060652934","w48kmK8CrvEC","https://www.google.com/search?tbm=bks&q=isbn:9780060652937","The Screwtape Letters","","C. S. Lewis","C. S. Lewis","Religion","Religion","","https://www.loc.gov/search?q=9780060652937"
"9780060652968","Reli-C.S.Le-TheProblem-9780060652968","9780060652968","0060652969","NSjlftWk78kC","https://www.google.com/search?tbm=bks&q=isbn:9780060652968","The Problem of Pain","","C. S. Lewis","C. S. Lewis","Religion","Religion","","https://www.loc.gov/search?q=9780060652968"
"9780060653019","Reli-C.S.Le-Miracles-9780060653019","9780060653019","0060653019","lLBwxgEACAAJ","https://www.google.com/search?tbm=bks&q=isbn:9780060653019","Miracles","","C. S. Lewis","C. S. Lewis","Religion","Religion","","https://www.loc.gov/search?q=9780060653019"
"9781594634734","-Elizab-CityofGirl-9781594634734","9781594634734","1594634734","GIubDwAAQBAJ","https://www.google.com/search?tbm=bks&q=isbn:9781594634734","City of Girls","","Elizabeth Gilbert","Elizabeth Gilbert","","","","https://www.loc.gov/search?q=9781594634734"
"9780735224896","Soci-GregLu-TheCoddlin-9780735224896","9780735224896","0735224897","F_xtDwAAQBAJ","https://www.google.com/search?tbm=bks&q=isbn:9780735224896","The Coddling of the American Mind","How Good Intentions and Bad Ideas are Setting Up a Generation for Failure","Greg Lukianoff","Greg Lukianoff;Jonathan Haidt","Social Science","Social Science","","https://www.loc.gov/search?q=9780735224896"
"9780316228534","Fict-J.K.Ro-TheCasualV-9780316228534","9780316228534","0316228532","ZhZ2ugEACAAJ","https://www.google.com/search?tbm=bks&q=isbn:9780316228534","The Casual Vacancy","","J. K. Rowling","J. K. Rowling","Fiction","Fiction","","https://www.loc.gov/search?q=9780316228534"
"9780140177398","Fict-JohnSt-OfMiceandM-9780140177398","9780140177398","0140177396","MxyAZEPCTl4C","https://www.google.com/search?tbm=bks&q=isbn:9780140177398","Of Mice and Men","","John Steinbeck","John Steinbeck","Fiction","Fiction","","https://www.loc.gov/search?q=9780140177398"
"9780062498533","Youn-AngieT-TheHateUGi-9780062498533","9780062498533","0062498533","QRFnvgAACAAJ","https://www.google.com/search?tbm=bks&q=isbn:9780062498533","The Hate U Give","","Angie Thomas","Angie Thomas","Young Adult Fiction","Young Adult Fiction","","https://www.loc.gov/search?q=9780062498533"
"9780062498564","---9780062498564","","","","https://www.google.com/search?tbm=bks&q=isbn:9780062498564","","","","","","","","https://www.loc.gov/search?q=9780062498564"
"9781594634710","Body-Elizab-BigMagic-9781594634710","9781594634710","1594634718","q0LZCwAAQBAJ","https://www.google.com/search?tbm=bks&q=isbn:9781594634710","Big Magic","Creative Living Beyond Fear","Elizabeth Gilbert","Elizabeth Gilbert","Body, Mind & Spirit","Body, Mind & Spirit","","https://www.loc.gov/search?q=9781594634710"
"9781439141663","Fore-Langen-German-Eng-9781439141663","9781439141663","1439141665","hHspyAEACAAJ","https://www.google.com/search?tbm=bks&q=isbn:9781439141663","German-English Dictionary, Second Edition","","Langenscheidt","Langenscheidt","Foreign Language Study","Foreign Language Study","","https://www.loc.gov/search?q=9781439141663"
"9780374508043","Fict-Flanne-Mysteryand-9780374508043","9780374508043","0374508046","xc8UxwEACAAJ","https://www.google.com/search?tbm=bks&q=isbn:9780374508043","Mystery and Manners","Occasional Prose","Flannery O'Connor","Flannery O'Connor","Fiction","Fiction","","https://www.loc.gov/search?q=9780374508043"
"9781593082109","Fict-MarkTw-AConnectic-9781593082109","9781593082109","159308210X","fXlHQpUXWb8C","https://www.google.com/search?tbm=bks&q=isbn:9781593082109","A Connecticut Yankee in King Arthur's Court","","Mark Twain","Mark Twain","Fiction","Fiction","","https://www.loc.gov/search?q=9781593082109"
"9780812695236","Phil-Rudolf-TheLogical-9780812695236","9780812695236","0812695232","WgY2ZMsJtQgC","https://www.google.com/search?tbm=bks&q=isbn:9780812695236","The Logical Structure of the World","And, Pseudoproblems in Philosophy","Rudolf Carnap","Rudolf Carnap","Philosophy","Philosophy","","https://www.loc.gov/search?q=9780812695236"
"9780812695243","Phil-Rudolf-TheLogical-9780812695243","9780812695243","0812695240","j6RqQtU0OKkC","https://www.google.com/search?tbm=bks&q=isbn:9780812695243","The Logical Syntax of Language","","Rudolf Carnap","Rudolf Carnap","Philosophy","Philosophy","","https://www.loc.gov/search?q=9780812695243"
"9780674000780","Phil-JohnRa-ATheoryofJ-9780674000780","","","TWHuAAAAMAAJ","https://www.google.com/search?tbm=bks&q=isbn:9780674000780","A Theory of Justice, Revised Edition","","John Rawls","John Rawls;John 20000710Rawls;Professor John Rawls","Philosophy","Philosophy","","https://www.loc.gov/search?q=9780674000780"
"9780300245929","Psyc-IainMc-TheMastera-9780300245929","9780300245929","0300245920","cTiIDwAAQBAJ","https://www.google.com/search?tbm=bks&q=isbn:9780300245929","The Master and His Emissary","The Divided Brain and the Making of the Western World","Iain McGilchrist","Iain McGilchrist","Psychology","Psychology","","https://www.loc.gov/search?q=9780300245929"
